customer_id,customer_name,phone_number,email
1,"Carroll, Moen and Orn",380-775-8917,jmalsher0@dyndns.org
2,Von LLC,907-806-9721,pburgwyn1@epa.gov
3,Wisozk Group,116-584-3585,hlonghurst2@hhs.gov
4,Miller-Rutherford,840-114-3431,cheeron3@mail.ru
5,Friesen-Bode,964-316-3038,nmilkeham4@squidoo.com
6,Fahey-Breitenberg,448-172-9502,phinge5@smugmug.com
7,"Jacobs, D'Amore and Swift",568-151-3718,djikylls6@infoseek.co.jp
8,Schneider and Sons,906-773-4333,sgonnel7@liveinternet.ru
9,Schuster Inc,911-807-5533,hspraggs8@slashdot.org
10,"Langosh, Schaden and Langosh",846-253-9964,jnoke9@canalblog.com
11,Collins Inc,325-700-6715,cnoela@china.com.cn
12,Vandervort LLC,381-166-1694,pwiddowfieldb@rakuten.co.jp
13,Boyle-Nienow,771-404-6861,rguiotc@deviantart.com
14,"Muller, Heller and Graham",726-288-7757,cmowsdaled@usa.gov
15,Rippin-Marvin,802-384-6938,tfonquerniee@virginia.edu
16,Cummerata-Cummings,905-451-1453,gmaccollf@newsvine.com
17,"Rogahn, Pacocha and Farrell",436-530-1335,msimenetg@nydailynews.com
18,Schmidt LLC,952-839-1754,cealamh@dmoz.org
19,Collins Inc,928-505-0543,vdornani@seattletimes.com
20,"Ruecker, Simonis and Kozey",258-300-0787,hduhamj@mashable.com
21,Hyatt Group,117-967-5799,glodingk@ucla.edu
22,"Kerluke, O'Connell and Padberg",134-134-2225,amcquadel@biblegateway.com
23,"Moen, Streich and Schaden",301-487-8227,hcodmanm@merriam-webster.com
24,"Skiles, McCullough and Murazik",224-354-5653,rmurrishn@de.vu
25,Boyle LLC,997-981-9538,gdrennano@engadget.com
26,"Halvorson, Abshire and Dibbert",206-634-2367,nheinonenp@patch.com
27,Larkin Inc,417-260-5975,hheditchq@digg.com
28,Witting Group,104-399-0569,creisr@engadget.com
29,Schroeder-Leannon,749-840-8845,ssilversons@slideshare.net
30,Walker-Feeney,214-432-2799,sgarritleyt@macromedia.com
31,"Ritchie, Mitchell and Harvey",164-173-4140,mbaldersonu@studiopress.com
32,Denesik-Bode,203-946-6071,ssendsv@nbcnews.com
33,Bruen-Schneider,550-494-7286,ssauterw@adobe.com
34,"Schneider, Kohler and Kshlerin",340-457-5834,icallanx@360.cn
35,"Lueilwitz, Flatley and Doyle",890-150-1486,vgorsty@xinhuanet.com
36,Lebsack and Sons,284-117-2685,tbrecknockz@indiatimes.com
37,Kutch-Olson,481-920-5474,mharriskine10@google.ca
38,Mraz and Sons,653-849-9649,atrime11@cloudflare.com
39,Dicki-Ruecker,712-246-1688,avanderkruys12@elegantthemes.com
40,Green-Wilkinson,234-135-8722,omoorhead13@hud.gov
41,"O'Kon, Russel and Wehner",151-269-2195,jschoolfield14@github.io
42,O'Hara Group,302-829-1305,ggleadle15@aboutads.info
43,Reichel and Sons,794-949-6473,hdundon16@cnet.com
44,"Mayert, O'Reilly and Lind",476-659-5550,mmaccallester17@eventbrite.com
45,Durgan LLC,400-422-4890,tdabney18@mapy.cz
46,"Walker, Kuphal and Will",989-329-3555,rthornewill19@toplist.cz
47,Bartoletti-Hackett,652-603-6533,fbradbrook1a@seattletimes.com
48,Zemlak Group,290-583-2754,amcalpin1b@dagondesign.com
49,Will-Cartwright,730-355-0196,yamar1c@github.com
50,"Emard, Weimann and Kautzer",539-861-4035,adando1d@shareasale.com
51,"Beer, West and Kertzmann",939-107-3272,agirardot1e@blogs.com
52,Rolfson Inc,993-837-9206,charvison1f@nasa.gov
53,Franecki and Sons,969-946-6643,omacguigan1g@dagondesign.com
54,Mann LLC,815-318-4714,jsolly1h@umn.edu
55,Nitzsche-Hilll,224-894-1854,tlucks1i@wikia.com
56,Casper Inc,764-796-7482,emoneypenny1j@smugmug.com
57,Luettgen Group,948-672-2331,mcrowdace1k@cbslocal.com
58,Marks and Sons,536-144-7544,mpratten1l@free.fr
59,Cummerata Inc,844-852-4958,tsoule1m@hc360.com
60,Kunde-Okuneva,154-453-7172,tjarlmann1n@hibu.com
61,Thompson-Monahan,547-397-3747,flafee1o@hexun.com
62,Gutkowski and Sons,423-290-6806,ndeevey1p@soup.io
63,Turner LLC,667-887-8074,awitsey1q@businessweek.com
64,Wintheiser-Yundt,183-905-4572,kburnie1r@smugmug.com
65,"Beer, Dibbert and Braun",828-948-0568,chiddy1s@fastcompany.com
66,"Schuppe, Rutherford and Rosenbaum",571-434-7745,mrau1t@meetup.com
67,"Oberbrunner, Walsh and Jast",618-462-9791,acolson1u@shareasale.com
68,Klein-Bernier,707-168-7410,jiles1v@ed.gov
69,Batz and Sons,455-488-1368,rgaythorpe1w@nbcnews.com
70,"Von, Hills and Rohan",520-570-2161,jbriand1x@mlb.com
71,"Dicki, Stiedemann and Bayer",378-645-9264,kdunkinson1y@timesonline.co.uk
72,Hamill and Sons,655-441-6870,cabrahamsson1z@marketwatch.com
73,Miller-Collier,647-819-6332,nbarrand20@youku.com
74,Mann Inc,530-941-8546,hcline21@miitbeian.gov.cn
75,Powlowski-Sawayn,907-892-2245,bklulik22@mapquest.com
76,Jones-Rippin,640-322-0439,mbessett23@github.io
77,"Schaefer, Langosh and Friesen",123-174-3178,npulbrook24@zimbio.com
78,Daugherty-Kovacek,707-315-4276,mcrack25@1und1.de
79,Watsica Inc,180-333-7626,kbrotherhood26@fda.gov
80,"Flatley, Wiegand and Dare",151-800-1974,lpyvis27@woothemes.com
81,"McClure, Shanahan and Mitchell",422-742-7783,kgalland28@illinois.edu
82,"Sporer, Sporer and Christiansen",473-618-4326,bdarrigo29@github.com
83,"Jenkins, Boyle and Lang",121-806-1097,hwollrauch2a@army.mil
84,"Bahringer, Grimes and Bernier",361-751-8965,rmordie2b@sciencedaily.com
85,Yost Group,624-293-8897,kcottom2c@ted.com
86,Lakin Group,172-789-4418,smaccarrane2d@upenn.edu
87,Ruecker LLC,978-532-1559,mshreenan2e@who.int
88,McLaughlin-Zieme,157-121-5011,clowdes2f@virginia.edu
89,"Maggio, O'Reilly and Jaskolski",837-484-7529,vcuttings2g@mysql.com
90,Brekke-Davis,951-931-2507,adoumerque2h@hc360.com
91,"Kilback, Lemke and Murray",997-262-9816,eissitt2i@shutterfly.com
92,Marvin-Koch,424-798-2260,krushby2j@a8.net
93,Ferry-Russel,209-988-7243,medward2k@gnu.org
94,"Barton, Ebert and Aufderhar",943-684-1136,sgloster2l@globo.com
95,Luettgen and Sons,862-647-5643,aastling2m@nhs.uk
96,Deckow-Jacobi,448-146-4233,clere2n@amazonaws.com
97,Rutherford-Rohan,691-905-3213,cmawtus2o@yolasite.com
98,Kshlerin LLC,834-292-8511,oropkins2p@exblog.jp
99,Metz-Farrell,574-710-3537,dtipler2q@friendfeed.com
100,"Hayes, Reichert and Bogisich",180-824-9228,tjordison2r@amazon.co.uk
101,Moore and Sons,710-180-5107,jhubbard2s@youku.com
102,Lindgren-Kilback,150-937-7146,mebbotts2t@wikia.com
103,Ward Inc,766-529-8825,cclemence2u@mail.ru
104,Ebert-Waelchi,261-261-9182,kgrigoriscu2v@mapquest.com
105,Ritchie-Ruecker,470-306-7484,cebenezer2w@biglobe.ne.jp
106,"Stroman, Volkman and Kohler",728-234-8187,cflower2x@huffingtonpost.com
107,Langosh and Sons,867-461-6868,vrowet2y@hc360.com
108,"Reynolds, Wilderman and Stoltenberg",567-593-9095,jkettlesting2z@i2i.jp
109,Moore and Sons,332-498-5328,tkelshaw30@tiny.cc
110,"Tromp, Smitham and Beer",370-876-9744,fmoreing31@baidu.com
111,Corwin-Batz,752-926-2590,jnoddings32@mediafire.com
112,"Skiles, Langosh and McDermott",717-200-3076,nmilier33@mashable.com
113,Walsh-Herman,486-325-1152,plavery34@godaddy.com
114,"Bashirian, Dickens and Mayert",608-800-7114,nlautie35@census.gov
115,Russel Inc,165-380-5023,obeaten36@telegraph.co.uk
116,Rempel-Jast,954-425-5147,bseys37@fema.gov
117,Ryan-Denesik,664-243-9642,ajollye38@sciencedaily.com
118,Metz LLC,290-368-3618,tlatour39@kickstarter.com
119,Cummings Inc,613-101-4243,lboorer3a@domainmarket.com
120,Zemlak and Sons,318-826-1729,oandreaccio3b@nhs.uk
121,"Schultz, Prohaska and Goodwin",470-958-2488,tallkins3c@pinterest.com
122,"Jerde, Tillman and Thompson",856-579-1294,tcaltun3d@indiegogo.com
123,"Kulas, Ledner and Crist",146-802-4596,wbattill3e@reddit.com
124,"Gleichner, Wolf and Rogahn",835-276-6992,mgoede3f@examiner.com
125,"Prohaska, Borer and Williamson",606-901-1680,efundell3g@delicious.com
126,Swift LLC,399-663-5481,sanstis3h@sfgate.com
127,"Howell, Hagenes and Herman",431-152-3643,gpischel3i@constantcontact.com
128,Barton-Jakubowski,293-433-4325,awass3j@goodreads.com
129,Farrell LLC,158-693-5026,jmalatalant3k@nps.gov
130,Rosenbaum-Labadie,279-192-1278,jphilipet3l@sina.com.cn
131,Jaskolski LLC,534-850-0687,lpleavin3m@mashable.com
132,Cassin Group,731-376-4492,ccarmo3n@feedburner.com
133,Lindgren-Pacocha,272-149-4395,alegallo3o@japanpost.jp
134,Corkery-Sauer,295-951-0490,pcolebourne3p@php.net
135,Dare-Bradtke,873-233-4499,mjakubiak3q@comsenz.com
136,Bednar-Jacobs,189-680-4547,rinker3r@artisteer.com
137,Leannon Inc,812-266-5786,odye3s@craigslist.org
138,"Considine, MacGyver and Pouros",264-575-5571,rreichhardt3t@answers.com
139,Kuphal Group,553-140-2900,dpetrashkov3u@slate.com
140,Williamson LLC,240-437-8480,ehosby3v@jigsy.com
141,Baumbach Group,457-181-9566,udunridge3w@statcounter.com
142,Weissnat and Sons,867-691-2118,wscotchford3x@who.int
143,Langosh LLC,131-659-5218,mpont3y@wired.com
144,Stroman Group,528-419-7880,bstreatley3z@flavors.me
145,"Robel, Gerhold and Yundt",730-574-2974,heveral40@furl.net
146,Haley-Rutherford,165-900-6427,bgooch41@smh.com.au
147,Greenfelder Group,437-902-0703,qborges42@ebay.co.uk
148,Legros and Sons,702-151-2734,twellard43@mediafire.com
149,Schaden and Sons,993-368-7743,ecallum44@imgur.com
150,"Kshlerin, Strosin and Schinner",714-187-6727,rhawkes45@mapy.cz
151,Murazik Group,770-451-4494,cmansford46@newsvine.com
152,Cummings-Kunde,372-805-0485,tdonald47@wordpress.org
153,Huel-Bauch,700-573-3016,tstrangeway48@hp.com
154,"Bergstrom, Batz and Cormier",939-298-5574,moteague49@sbwire.com
155,"Johns, Murphy and Braun",290-402-2492,lchecketts4a@mashable.com
156,Ferry-VonRueden,259-909-3976,ebarock4b@gnu.org
157,"Kirlin, Cronin and Frami",405-827-5884,telderfield4c@so-net.ne.jp
158,"Hane, Rogahn and Metz",687-171-3374,efosdick4d@howstuffworks.com
159,"O'Conner, Swaniawski and Hilll",101-474-5821,fdoorly4e@flickr.com
160,"Okuneva, Hane and Johnston",823-330-2369,dgremane4f@google.pl
161,"Jones, Borer and Leannon",114-364-2494,fleworthy4g@bbc.co.uk
162,"Balistreri, Nienow and Pollich",901-384-9564,lparoni4h@nsw.gov.au
163,"Schamberger, Fisher and Kilback",901-440-7981,nvise4i@home.pl
164,Muller-Herman,994-154-6783,adaniel4j@g.co
165,Monahan-Block,354-407-2306,mbucham4k@photobucket.com
166,Reichel and Sons,183-277-5774,ggrigg4l@linkedin.com
167,Bruen-Haag,358-868-5408,rbucknill4m@amazon.co.jp
168,Cronin Inc,680-126-0337,lantushev4n@clickbank.net
169,Trantow Group,966-351-2888,skingsman4o@tumblr.com
170,Jast Group,755-407-7254,cvivyan4p@forbes.com
171,"Schumm, Wunsch and McLaughlin",231-114-6519,eepgrave4q@sciencedaily.com
172,Haag Inc,317-687-4479,kreany4r@vinaora.com
173,Streich Group,626-592-4616,ariccio4s@ebay.com
174,Treutel-Daugherty,383-772-7127,rderobertis4t@google.ca
175,O'Conner Group,893-148-5106,tclemes4u@hatena.ne.jp
176,Mante and Sons,272-745-9388,jmattingly4v@senate.gov
177,"Leffler, Gorczany and Bailey",408-613-5978,ehapke4w@usatoday.com
178,Wintheiser and Sons,508-235-1979,nplaskitt4x@dailymail.co.uk
179,Ledner-Williamson,647-729-6242,hpentycost4y@sina.com.cn
180,"Jenkins, Hane and White",423-240-1249,hmouth4z@tinypic.com
181,"Lueilwitz, Klein and Rutherford",829-526-6456,khenrichsen50@furl.net
182,"Ondricka, O'Conner and Kulas",204-718-5787,ddedden51@marriott.com
183,Brown-Ferry,349-257-8271,nbernhardi52@craigslist.org
184,Becker and Sons,590-982-2083,mlorraine53@wufoo.com
185,Legros Group,794-335-4635,lsimonich54@netlog.com
186,"Koss, O'Conner and Corkery",949-998-6067,lbritnell55@jiathis.com
187,Jacobs-Schinner,640-672-3764,urizziello56@admin.ch
188,Maggio and Sons,227-105-0868,mattwooll57@google.com.br
189,Zieme Inc,289-789-7609,utweede58@webs.com
190,Satterfield LLC,259-590-4649,jmatyushenko59@buzzfeed.com
191,"Bartoletti, Goyette and Sipes",244-296-0441,ewaterhous5a@acquirethisname.com
192,Hills Group,373-839-9610,fdeener5b@auda.org.au
193,"Sanford, Goyette and D'Amore",482-537-9128,rjedrzejkiewicz5c@dion.ne.jp
194,"Marvin, Murphy and Stiedemann",688-241-5754,jragge5d@hp.com
195,"Collins, Kulas and Nolan",863-316-3632,mnaisbit5e@microsoft.com
196,Prosacco Inc,649-870-3453,rharburtson5f@time.com
197,Grimes-Kunde,954-699-8272,aaudrey5g@unesco.org
198,Schmeler-Grant,449-683-1810,tswanson5h@issuu.com
199,Hettinger-Hackett,216-307-5979,groumier5i@simplemachines.org
200,"Auer, Erdman and Jenkins",314-375-0291,dcasper5j@buzzfeed.com
201,Medhurst Inc,306-665-2720,kcromie5k@soundcloud.com
202,"Haley, Tillman and Brekke",731-319-6465,rpetley5l@aboutads.info
203,Leannon Inc,694-572-0491,rfisby5m@dmoz.org
204,Farrell-Raynor,352-278-0629,aperett5n@apache.org
205,Murphy LLC,936-440-3692,dcasford5o@zdnet.com
206,Purdy-Champlin,567-222-8761,spulhoster5p@over-blog.com
207,"Johnston, Stracke and Haley",320-977-0649,vwilde5q@npr.org
208,Rosenbaum-Haag,322-547-9166,dludovici5r@census.gov
209,"McDermott, Gottlieb and Sauer",752-332-6633,smccaskell5s@ocn.ne.jp
210,"Fisher, Kub and Koss",479-929-0165,mfacchini5t@prnewswire.com
211,"Lebsack, Friesen and Bashirian",324-563-0462,mgravatt5u@seattletimes.com
212,Ritchie and Sons,313-649-7387,kpocknoll5v@meetup.com
213,Schuppe-Ziemann,336-969-5652,tskittrall5w@mac.com
214,"Parisian, Orn and Moen",780-239-2358,lcaldayrou5x@goodreads.com
215,"Bosco, Raynor and Herman",991-582-6384,ebalme5y@disqus.com
216,"Little, Feeney and Monahan",871-634-0502,mniche5z@umn.edu
217,Lynch-Osinski,956-566-9043,bdabes60@cnet.com
218,Thompson and Sons,651-346-9096,obravey61@blinklist.com
219,"Zulauf, Anderson and Zulauf",176-781-7753,ccornuau62@phoca.cz
220,"Rau, White and Gulgowski",302-377-9912,fcariss63@senate.gov
221,Marquardt-Fisher,274-430-5127,gmonro64@indiegogo.com
222,Jenkins-Leannon,169-481-0414,carthy65@purevolume.com
223,Mohr Group,536-851-6937,romannion66@e-recht24.de
224,Mann-Swift,635-594-1452,dszymon67@wikispaces.com
225,Fadel-Kihn,331-999-6498,hector68@smh.com.au
226,Bahringer LLC,807-574-4001,coosthoutdevree69@sogou.com
227,"Schumm, Kautzer and Jacobs",782-920-1172,jconaghan6a@artisteer.com
228,Kiehn LLC,845-254-6112,nugolotti6b@disqus.com
229,"Wilderman, Haag and Homenick",787-820-5129,hcrosscombe6c@prnewswire.com
230,Dare-Ziemann,161-115-4938,mtugwell6d@forbes.com
231,Prohaska-Morar,369-577-2821,gsandhill6e@pen.io
232,Wintheiser LLC,516-377-4825,sgooding6f@infoseek.co.jp
233,Corwin and Sons,631-465-4318,tridehalgh6g@blogs.com
234,"Cremin, Waelchi and Roberts",435-425-6921,amanklow6h@mac.com
235,Stiedemann and Sons,174-772-2527,cbernth6i@mac.com
236,Bergstrom-O'Hara,428-629-5598,rcotte6j@tinypic.com
237,Padberg-Quitzon,419-502-1520,ffulcher6k@webnode.com
238,"Schamberger, Keeling and Dietrich",422-389-3430,chabershaw6l@aol.com
239,Larkin and Sons,463-499-5912,mperford6m@google.es
240,Von-Bayer,849-638-6910,hmcgee6n@google.ru
241,"Haley, Goodwin and Walsh",500-303-8506,gkenworth6o@squidoo.com
242,Lehner and Sons,415-503-8283,chestrop6p@amazon.com
243,"Bailey, Schimmel and Maggio",450-423-0694,mhinzer6q@icio.us
244,Goldner LLC,224-338-5105,adufore6r@twitpic.com
245,Kunde-Heller,608-731-3861,dgumbrell6s@blogs.com
246,Wilkinson-Hagenes,264-704-4582,ghardiker6t@dion.ne.jp
247,"Hodkiewicz, Gislason and Weissnat",397-393-4895,rheskin6u@telegraph.co.uk
248,Daniel-Runte,727-682-0061,bbillyard6v@businessinsider.com
249,Medhurst and Sons,464-698-3281,glathom6w@msn.com
250,"Heller, White and Ratke",292-181-7281,llewry6x@ameblo.jp
251,Wyman Inc,665-276-6874,mnuton6y@trellian.com
252,Halvorson LLC,318-111-8164,mworgen6z@purevolume.com
253,Shanahan-Price,990-222-0836,dkinsley70@taobao.com
254,"Boehm, Fay and West",431-639-2855,nchristmas71@shutterfly.com
255,Langosh-Shields,264-721-2438,gliddiard72@meetup.com
256,Crist Inc,148-599-0929,hwhitecross73@pinterest.com
257,"Hintz, Waters and Bauch",977-704-6462,jaleevy74@a8.net
258,Bechtelar Group,919-398-3592,abortolomei75@moonfruit.com
259,"Schroeder, Brown and Hills",278-134-8187,msonner76@army.mil
260,Collier-Durgan,272-923-3510,cshillaker77@photobucket.com
261,VonRueden-Jakubowski,746-278-8210,adeem78@craigslist.org
262,Morissette-Becker,847-365-8968,lembra79@myspace.com
263,Larkin-Balistreri,279-231-0743,bveck7a@w3.org
264,"Schmidt, Reichert and Goodwin",577-766-6569,bdescoffier7b@networksolutions.com
265,Murray-Runte,877-592-6089,lbricham7c@skype.com
266,Thompson-Orn,910-122-5493,kaubin7d@google.fr
267,"Smith, McDermott and Osinski",785-984-9874,ztreffry7e@aboutads.info
268,"Hane, Kunze and Leuschke",432-784-3113,bdufton7f@washingtonpost.com
269,Koelpin-Bogisich,449-890-2269,gtwinborne7g@woothemes.com
270,"Bradtke, Johnson and Brakus",108-590-8426,bmcnevin7h@t.co
271,Hartmann Group,890-160-7053,cculvey7i@phoca.cz
272,Maggio Group,746-822-2779,gnunesnabarro7j@ucsd.edu
273,Halvorson Group,741-284-9266,cmacalees7k@hexun.com
274,Weber-Upton,103-865-8510,ofritschmann7l@cafepress.com
275,VonRueden-Blanda,200-276-2412,pmoseley7m@pen.io
276,Effertz and Sons,979-506-5632,ldeacon7n@wiley.com
277,"Bernier, Rolfson and Lebsack",262-898-8178,casser7o@latimes.com
278,Quitzon-Schneider,815-681-4230,kinglesfield7p@stumbleupon.com
279,Pollich LLC,605-991-4730,aascroft7q@yolasite.com
280,"Veum, Monahan and Rice",315-547-5135,tailward7r@timesonline.co.uk
281,Kautzer-Nicolas,893-680-3827,rdeplacido7s@miitbeian.gov.cn
282,Gulgowski Inc,919-752-1479,bmingaye7t@japanpost.jp
283,Quitzon and Sons,163-961-8063,gsalvin7u@histats.com
284,Feeney-Jacobson,204-956-0540,dmacgiollapheadair7v@mit.edu
285,"Ziemann, Raynor and Hickle",359-108-2632,abosquet7w@phpbb.com
286,Lockman-Armstrong,280-773-3662,ohofner7x@sfgate.com
287,"Volkman, Cartwright and Satterfield",292-635-2740,aasker7y@skype.com
288,Jast Group,529-572-2790,ctiplady7z@zdnet.com
289,"Wyman, Braun and Kuvalis",471-119-5179,hrusson80@fda.gov
290,Mills Group,377-918-5709,dkail81@comcast.net
291,"MacGyver, Nolan and Durgan",951-797-4255,sdoud82@chicagotribune.com
292,"Labadie, Jacobi and Kertzmann",258-734-2003,cgidden83@cbslocal.com
293,Harris-Krajcik,451-279-2737,peldrid84@irs.gov
294,"Leffler, Kreiger and Stark",875-597-8143,skort85@arizona.edu
295,Anderson-Prosacco,571-448-9681,rdeville86@digg.com
296,Gusikowski Group,689-437-8591,egolsworthy87@tumblr.com
297,"Cartwright, Wyman and Abshire",605-354-2902,tbuston88@unicef.org
298,Wolff Group,875-515-2388,mewert89@cnn.com
299,Lindgren Inc,304-535-8242,snelthorpe8a@usgs.gov
300,Runolfsson Inc,272-647-3346,ddavion8b@google.it
301,"Fahey, Simonis and Bergnaum",486-237-0513,spetchell8c@twitter.com
302,Lehner and Sons,321-154-4745,ahaymes8d@php.net
303,Renner Group,663-614-5844,lhegden8e@pen.io
304,Rolfson LLC,906-384-3595,nglover8f@webeden.co.uk
305,Zieme Inc,849-401-2890,rfullbrook8g@vinaora.com
306,Kreiger and Sons,645-755-0436,btomczak8h@howstuffworks.com
307,Dach-Cummerata,705-963-7548,bdebenedictis8i@mtv.com
308,"McDermott, Bins and Reilly",542-526-6688,tloxly8j@istockphoto.com
309,Miller LLC,925-862-1061,abrydell8k@cbsnews.com
310,"Donnelly, Cruickshank and Heller",618-683-2618,ggumb8l@sbwire.com
311,Pfannerstill-Gleason,410-977-7528,acoetzee8m@tiny.cc
312,"Stracke, Beatty and Dooley",247-976-4401,lbradick8n@tiny.cc
313,Schumm LLC,577-395-4552,satley8o@cam.ac.uk
314,Shields Inc,633-607-7460,jzambonini8p@irs.gov
315,Leffler-Bednar,248-850-2982,fwarke8q@senate.gov
316,Terry Inc,439-512-5894,lbriddle8r@ifeng.com
317,Considine Group,319-673-9415,amathely8s@symantec.com
318,Kiehn-Graham,258-529-1096,hyeskin8t@dmoz.org
319,Dooley-Towne,291-964-3384,ncrow8u@studiopress.com
320,Quitzon Group,725-161-2309,dliger8v@wix.com
321,Hane-Williamson,822-795-4658,mderill8w@hao123.com
322,Smitham and Sons,460-422-7834,aroskelley8x@squidoo.com
323,"Kuvalis, Cronin and Haag",709-360-3754,amerrikin8y@goo.ne.jp
324,Cremin-Mraz,144-261-7092,kjessup8z@furl.net
325,"Macejkovic, Yost and Gottlieb",661-281-8971,ehughes90@mapy.cz
326,Hand-Gibson,574-167-2112,dmessier91@timesonline.co.uk
327,Cartwright LLC,721-525-0935,smccracken92@wikimedia.org
328,Wisozk and Sons,805-927-5552,agammidge93@reference.com
329,"Sipes, Johns and Erdman",535-677-6848,alethbrig94@networkadvertising.org
330,Heathcote and Sons,996-317-4410,jstuckow95@posterous.com
331,Collins-Hand,197-935-4270,kcolbertson96@wufoo.com
332,Heaney-Boyle,858-901-7441,hflewitt97@oakley.com
333,Stark Inc,242-153-8672,dhenbury98@slideshare.net
334,Auer-Stokes,783-406-7978,anewrick99@imageshack.us
335,Littel-Volkman,339-282-9827,mbeades9a@si.edu
336,Hyatt Group,475-228-3532,cbolan9b@bluehost.com
337,Pfeffer-Shields,383-938-3417,cjilliss9c@people.com.cn
338,Walsh and Sons,538-551-7954,pearney9d@godaddy.com
339,Conroy Group,182-500-2966,preoch9e@wikia.com
340,"Mayer, Hyatt and Leffler",581-577-4363,chubbock9f@scribd.com
341,Jacobson-West,497-549-4413,acalvard9g@comcast.net
342,"Kiehn, Kuphal and Johnston",918-682-2320,chambly9h@chicagotribune.com
343,Beahan Inc,554-849-5497,nmacewan9i@telegraph.co.uk
344,"Hudson, Lowe and Kohler",323-554-6187,tlerohan9j@netscape.com
345,"Hilll, Frami and Stark",584-545-8039,cianetti9k@mashable.com
346,Jakubowski-Lang,747-257-9443,bcoarser9l@walmart.com
347,Hilll-Kessler,258-839-6765,ihavis9m@ucsd.edu
348,Jacobi-Hammes,470-739-6928,bsex9n@ustream.tv
349,Sanford Inc,794-489-2615,ftrinder9o@oakley.com
350,Kovacek-Ruecker,904-700-1263,aprahl9p@sina.com.cn
351,Morissette-Ward,708-620-0688,jriddett9q@senate.gov
352,"Borer, Ziemann and Franecki",425-300-6792,cslimm9r@scientificamerican.com
353,Jaskolski-Hirthe,641-526-7904,cilsley9s@forbes.com
354,Gislason-Olson,110-106-4971,jwyer9t@salon.com
355,"Kuhn, Simonis and Okuneva",563-657-8524,chuetson9u@de.vu
356,Conroy Group,924-722-6563,mphilippon9v@addtoany.com
357,Boyer-Hayes,770-686-3374,wflores9w@slate.com
358,Keebler-Johns,885-623-2020,mbrimacombe9x@1688.com
359,Bartoletti-Wolf,155-181-5305,tbolino9y@altervista.org
360,"Stehr, Lockman and McGlynn",646-825-3704,rmctrustram9z@si.edu
361,Gerhold-Schimmel,212-968-1099,tpfiffera0@edublogs.org
362,"Yundt, Lindgren and Lind",598-982-4025,dmaylama1@bravesites.com
363,Weissnat Group,888-369-8037,pembersona2@sourceforge.net
364,"Cronin, Gibson and Kutch",919-175-6167,ctickela3@wp.com
365,Jaskolski Inc,155-445-8475,vkinviga4@ameblo.jp
366,Franecki Group,139-798-4334,awaplintona5@sun.com
367,"Bode, Kozey and Sawayn",271-792-5758,dvaleria6@un.org
368,Runolfsdottir and Sons,971-146-2253,cscholara7@barnesandnoble.com
369,Kub-Kuhic,982-598-2991,salderseaa8@example.com
370,"Wiza, Murray and Bradtke",927-916-4612,mmcniffa9@chicagotribune.com
371,Lowe LLC,683-949-8373,mpettersaa@constantcontact.com
372,Kertzmann and Sons,998-150-9866,vbahikeab@dailymotion.com
373,McLaughlin-Stehr,826-130-0678,tpearseyac@prlog.org
374,"Funk, Gleason and Zboncak",580-335-0990,lisgatead@discuz.net
375,"Pfannerstill, Goodwin and Johnson",959-258-1452,sriddlesae@360.cn
376,Hegmann Group,473-201-3962,gdarceyaf@google.co.uk
377,Torp Inc,590-932-9391,agristag@nydailynews.com
378,O'Connell Group,832-826-6611,bbeddoah@facebook.com
379,"Weimann, Hirthe and Kunde",371-147-1251,tyarrallai@epa.gov
380,"Price, Kuphal and Klein",967-644-1974,smccorkindaleaj@paypal.com
381,Schumm-Auer,243-988-4304,bstuddardak@yahoo.co.jp
382,Runte Inc,943-536-0308,ebrazieral@mac.com
383,Harris-Weber,678-774-0019,twarreneram@cam.ac.uk
384,"Shanahan, Smith and Skiles",680-427-1342,ldumpletonan@harvard.edu
385,"Schulist, Hilll and Schneider",797-706-6011,moiseauao@independent.co.uk
386,Kuhic-Paucek,558-299-7077,fgiovanardiap@cbc.ca
387,Harris-Schaefer,281-120-5612,agoncaloaq@alibaba.com
388,Greenfelder Inc,277-617-6217,ztolchardear@delicious.com
389,O'Connell and Sons,780-724-1487,celgramas@biblegateway.com
390,Waelchi and Sons,958-984-5206,abimroseat@webmd.com
391,Koepp Inc,914-634-0676,sricciardelliau@springer.com
392,"Donnelly, Franecki and Muller",647-208-2733,efaulconbridgeav@freewebs.com
393,"Bauch, Yost and Lesch",491-978-0253,dfentyaw@wordpress.com
394,Hintz-Mraz,703-312-8346,gtroutax@privacy.gov.au
395,Pagac-Roberts,431-392-2921,rwhittletonay@wiley.com
396,Wisoky and Sons,391-198-0136,nandreoneaz@foxnews.com
397,Leffler LLC,657-351-3157,lchamberlainb0@fc2.com
398,Kihn Group,928-997-3215,sboshersb1@studiopress.com
399,Mann-Crooks,637-157-3043,kgeorgiusb2@irs.gov
400,"Smith, Luettgen and McDermott",324-704-1023,mdemariab3@buzzfeed.com
401,Windler-Greenfelder,948-926-6020,lyerillb4@si.edu
402,Fay-Kilback,790-195-1025,kbownassb5@posterous.com
403,Heaney LLC,508-913-1100,dspringtorpb6@virginia.edu
404,"Dibbert, Rogahn and Becker",584-115-8149,rgrunguerb7@nih.gov
405,"Bogan, Okuneva and Wiegand",794-343-9057,awinsborrowb8@quantcast.com
406,Kunde-Dooley,514-872-7170,tcornelleaub9@skyrock.com
407,Ryan-Ryan,129-110-2478,tjosskovizba@umn.edu
408,Hamill Inc,478-495-4081,jgeistmannbb@bandcamp.com
409,"Krajcik, Barton and Bechtelar",207-949-7017,myarntonbc@nhs.uk
410,Prohaska and Sons,950-661-4412,cofallownebd@eventbrite.com
411,Greenholt-MacGyver,203-680-1035,eseabournebe@wikispaces.com
412,"Carroll, Hickle and Klocko",200-366-4705,atessierbf@google.com.br
413,Marks Inc,324-542-3639,astoppsbg@pinterest.com
414,Bauch-O'Kon,740-845-3297,mdunstanbh@rediff.com
415,Lakin LLC,578-358-2271,irosetbi@phoca.cz
416,"Beatty, Bailey and Bailey",661-774-7161,epigginbj@si.edu
417,"Smith, Gutmann and Kerluke",777-215-8487,aliebmannbk@paypal.com
418,Wolf and Sons,126-327-6943,tsplevinbl@sfgate.com
419,Koss-MacGyver,115-817-2291,wcrookesbm@msu.edu
420,"Morissette, Witting and Batz",276-880-1331,thowbrookbn@xing.com
421,"Pacocha, Stamm and Flatley",698-385-2592,shundellbo@shop-pro.jp
422,"Jerde, Torphy and Towne",935-593-9464,rmullybp@patch.com
423,Weber and Sons,812-732-5508,ktivenanbq@a8.net
424,"Mayer, Simonis and O'Keefe",121-928-9258,dphilippeauxbr@seattletimes.com
425,Swaniawski LLC,798-523-3345,plindenbergbs@dailymail.co.uk
426,"Huel, Nicolas and Huels",188-218-8418,mreaganbt@hibu.com
427,Spinka-Runolfsdottir,293-387-8449,lkunabu@vistaprint.com
428,Mraz-Douglas,590-557-4078,gchildrensbv@jugem.jp
429,Schimmel-Adams,296-570-3699,hlingardbw@behance.net
430,Stiedemann and Sons,288-115-0409,ecurnuckebx@princeton.edu
431,Krajcik Group,336-906-5708,tsnazleby@instagram.com
432,Daugherty Group,446-686-2889,jlinebargerbz@discovery.com
433,Schowalter and Sons,418-594-2942,hgannyc0@chicagotribune.com
434,Schimmel LLC,122-302-3844,lnowickc1@51.la
435,Waelchi Inc,268-388-6104,rcortenc2@vkontakte.ru
436,MacGyver and Sons,546-131-8728,gwarrattc3@timesonline.co.uk
437,Sawayn Inc,743-297-0710,uecclestonc4@google.it
438,Kuhic and Sons,487-885-6932,vgiacovazzoc5@google.fr
439,"Hegmann, Jacobi and Rice",888-596-1150,cochterlonyc6@cdc.gov
440,Tromp Inc,793-244-2413,bgeallec7@desdev.cn
441,Lubowitz-Padberg,359-554-3097,tsammonc8@phoca.cz
442,Bode-Bayer,866-379-2373,martzc9@columbia.edu
443,Kub-Raynor,391-544-8649,scainca@elegantthemes.com
444,"Gusikowski, Conroy and Douglas",767-137-9096,ywoodiercb@telegraph.co.uk
445,Bode-Fahey,629-376-8531,jgarmanscc@ft.com
446,Gusikowski LLC,315-626-4676,awalescd@wisc.edu
447,Koss and Sons,137-699-1138,dheditchce@eepurl.com
448,Bahringer-Dicki,866-451-4799,mmerrittcf@addthis.com
449,Kling-Torphy,561-263-9435,lgallearcg@dedecms.com
450,Cummerata-Bashirian,573-195-4839,bdickinsonch@go.com
451,Rutherford Inc,367-289-5992,qossipenkoci@blinklist.com
452,Jakubowski-Pacocha,127-294-1502,rshortallcj@nbcnews.com
453,Carroll-Wyman,718-614-1142,acryerck@bing.com
454,"Padberg, Heaney and Hayes",535-762-5845,gcamilletticl@slashdot.org
455,"Watsica, O'Kon and Fisher",971-249-6538,mferedaycm@illinois.edu
456,McDermott-Kuhlman,487-602-3041,mdequinceycn@jugem.jp
457,"Hettinger, Hegmann and Nikolaus",108-179-6306,jdunnco@sakura.ne.jp
458,Spencer-Stokes,586-971-5438,srufflescp@fastcompany.com
459,Maggio-Parker,612-179-8526,dgotthardcq@loc.gov
460,Crona-Stroman,279-608-5548,msurgenercr@php.net
461,Rosenbaum Inc,935-469-5741,rpamphiloncs@myspace.com
462,Crona Inc,422-880-9753,adaveridgect@dailymotion.com
463,Spencer-Lockman,821-838-2196,knewbandcu@un.org
464,Daniel LLC,857-941-0549,mdeightoncv@cyberchimps.com
465,Schuppe and Sons,663-812-3624,mjerwoodcw@oakley.com
466,Baumbach-Heller,452-243-1239,pmothcx@cafepress.com
467,Feest Group,859-543-4732,igillicuddycy@npr.org
468,Howell-Mills,678-302-6888,coxtobycz@netvibes.com
469,Schimmel Inc,108-526-3079,bgrimoldbyd0@furl.net
470,Kunze and Sons,118-505-2932,ccolafated1@blog.com
471,Watsica-Kuhic,867-163-8651,wygod2@princeton.edu
472,"Stracke, Rempel and Schamberger",634-735-2048,dmacfaelld3@google.it
473,Reinger-Kuphal,555-684-6125,cemblingd4@newsvine.com
474,Hermiston-Wintheiser,287-945-9903,cbracerd5@diigo.com
475,Hauck-Kautzer,639-774-6673,ffalld6@example.com
476,Konopelski-Hayes,550-931-3697,sokierand7@about.com
477,Auer Group,436-366-7901,rraviliousd8@123-reg.co.uk
478,"Stehr, Borer and Bradtke",650-894-8392,sgalliverd9@buzzfeed.com
479,Kirlin-Hauck,630-198-0636,tlaibleda@boston.com
480,Ledner Inc,869-494-1361,cverrilldb@intel.com
481,Feil Inc,246-440-4935,mlickorishdc@scribd.com
482,"Roberts, Greenholt and Gutmann",553-510-2288,dthundercliffedd@homestead.com
483,Bins-Weissnat,546-205-3828,kbaldoccide@dyndns.org
484,"Lueilwitz, Farrell and Stroman",351-364-2417,aimpydf@yahoo.co.jp
485,Wiza and Sons,936-621-1362,vflewandg@answers.com
486,"Cruickshank, McLaughlin and Hane",484-618-4352,prossbrookedh@java.com
487,Jaskolski Inc,999-172-7917,jdebilldi@discovery.com
488,Sanford Group,348-508-9148,ophiferdj@stanford.edu
489,Keeling Inc,899-120-0640,jdevinndk@squidoo.com
490,Halvorson Group,780-111-5627,bpieldl@flickr.com
491,Mueller LLC,526-150-3849,jwiggansdm@craigslist.org
492,Cassin-Rath,817-793-4294,adibiagidn@wix.com
493,Koelpin-Rice,459-601-6336,clabounedo@ftc.gov
494,Trantow Group,531-403-4738,jabbiedp@amazon.co.uk
495,"Bergstrom, Schoen and Watsica",904-301-0308,agerbeldq@jimdo.com
496,Zemlak-Graham,103-569-4653,cmquhargedr@epa.gov
497,"Lemke, Hane and Glover",716-132-6444,roscallands@shutterfly.com
498,"O'Conner, Blanda and Torphy",218-289-7688,cdemendozadt@mac.com
499,Dicki Group,953-535-7436,awestnagedu@wix.com
500,"Quigley, Padberg and Hyatt",638-414-9906,wadamskidv@eepurl.com
501,Gislason and Sons,959-218-4152,pbelchampdw@oaic.gov.au
502,"Mohr, Schuster and Muller",940-641-2793,cbutlerbowdondx@1688.com
503,Schaden-Skiles,809-743-3809,mdysondy@pbs.org
504,Will-Bauch,986-708-3316,ereamedz@cornell.edu
505,Rosenbaum and Sons,207-853-4499,gcouzense0@4shared.com
506,Bogisich-Torphy,490-156-9685,rpavesee1@psu.edu
507,"Cole, McKenzie and Witting",904-969-9311,lhearsume2@apache.org
508,"Leuschke, Fay and Reilly",307-948-3938,sdilliwaye3@liveinternet.ru
509,Predovic-Luettgen,671-896-3935,tkeseye4@samsung.com
510,Carter Inc,215-210-5377,rbonhame5@house.gov
511,"Zieme, Beahan and Monahan",513-601-3642,pmilvarniee6@earthlink.net
512,Rutherford and Sons,621-666-9048,mcoatese7@dailymotion.com
513,Prosacco Group,981-119-8894,aaxworthye8@seattletimes.com
514,Franecki-Marks,933-127-5686,flearye9@naver.com
515,Trantow Group,578-723-6667,scaslaneea@t.co
516,Morissette-Brown,797-364-4407,nhyslopeb@imgur.com
517,"Altenwerth, Powlowski and Bahringer",684-829-1189,ehurlec@foxnews.com
518,Harris-Tremblay,160-330-6248,rnowilled@yellowpages.com
519,Barrows-Jerde,958-472-4799,bleallee@ycombinator.com
520,"Morissette, VonRueden and Kohler",879-793-7086,sthurneref@google.nl
521,"Feest, Heaney and Ledner",973-301-8014,dcoldbatheg@deliciousdays.com
522,Wolff LLC,419-782-2488,mflukeseh@auda.org.au
523,O'Reilly-Purdy,926-512-4593,kcolliholeei@topsy.com
524,"Conn, Keebler and Kertzmann",472-156-5698,kjaquemarej@addthis.com
525,Schiller-Mertz,861-931-5310,lshildrakeek@google.com.au
526,"Koss, Schoen and Friesen",484-354-7717,sstaversel@com.com
527,"Halvorson, Olson and Nikolaus",748-876-5784,lmcaleeseem@smh.com.au
528,"Bode, Douglas and Kris",273-554-6901,mbaulchen@amazon.de
529,Hintz-Hayes,274-779-5909,klangsburyeo@mashable.com
530,Cummerata-Waelchi,693-139-8722,wstollsteinerep@freewebs.com
531,Ullrich-Goodwin,849-875-7731,emcvitieeq@ft.com
532,"Welch, Stiedemann and Bechtelar",512-893-5823,rdanterer@storify.com
533,McGlynn-Leannon,864-728-6406,evieyraes@scribd.com
534,Huel and Sons,727-750-8982,kfroomet@about.me
535,Pollich Group,846-838-1689,pcrusheu@senate.gov
536,"Heathcote, Gislason and Kovacek",969-807-2663,glabuschev@dyndns.org
537,Bosco-Kling,314-652-5551,pfolliottew@jiathis.com
538,Braun and Sons,391-943-2976,lpavicex@msn.com
539,Greenfelder Inc,280-950-5522,madaney@reverbnation.com
540,Boyer Group,351-902-4470,thinkensez@prweb.com
